asset_tag,department,manufacturer,device,model,ref,udi_di,serial,lot,software
RT-0001,Respiratory,Philips Respironics,Trilogy Evo ventilator,DS2000X11B,,,H27736231F4BE,,
RT-0002,Respiratory,Phillips,Trilogy 100 ventilator,1054260,,,TV110051146,,
RT-0003,ICU,BD,Alaris PC unit,8015,,,12345678,,
RT-0004,Emergency,Philips,HeartStart MRx defibrillator,M3536J,,,US00400000,,
RT-0005,Ward 2,Masimo,Rad-G pulse oximeter,,9847,,6000062125,,
RT-0006,Lobby,Defibtech,Lifeline AED,,,00815098020317,,,
RT-0007,Respiratory,Philips,Aeris EVO ventilator,VT2110X24B,,,H31910535835D,,1.05.06.00
RT-0008,Ward 3,ICU Medical,Plum A+ infusion pump,,,,,,
RT-0009,ICU,GE,Dash 4000 monitor,,,,F1DJ2018G,,
RT-0010,Oncology,Baxter,Spectrum IQ infusion pump,,3570009,,1002003,,
RT-0011,Ward 1,Stryker,Prime stretcher,1115,,,PS1115-0042,,
RT-0012,Recovery,Medtronic,Nellcor bedside SpO2 monitor,,PM100N,,NB7731,,
RT-0013,Emergency,Cardiac Science,Powerheart G3 AED,9390A,,,4038453,,
RT-0014,Endoscopy,Oridion,Capnostream 20p,,CS08651-02,,B836141103,,
RT-0015,Clinic A,Welch Allyn,Connex vital signs monitor,,67MCTX-4,,100054321,,
RT-0016,Ward 4,Spacelabs,qube compact monitor,91390,,,1390-101941,,
RT-0017,Ward 2,B. Braun,Metriset administration set,,375043,,,,
RT-0018,Home care,ResMed,Astral 150 ventilator,,,00619498003266,22151234567,,
RT-0019,ICU,Hospira,Plum A+ infusion pump,20792,,,16061005,,
RT-0020,Day surgery,Philips,IntelliVue MX800 monitor,865240,,,DE50887434,,
